--
-- PostgreSQL database dump
--

-- Dumped from database version 17.5
-- Dumped by pg_dump version 17.5

SET statement_timeout = 0;
SET lock_timeout = 0;
SET idle_in_transaction_session_timeout = 0;
SET transaction_timeout = 0;
SET client_encoding = 'UTF8';
SET standard_conforming_strings = on;
SELECT pg_catalog.set_config('search_path', '', false);
SET check_function_bodies = false;
SET xmloption = content;
SET client_min_messages = warning;
SET row_security = off;

SET default_tablespace = '';

SET default_table_access_method = heap;

--
-- Name: applications; Type: TABLE; Schema: public; Owner: postgres
--

CREATE TABLE public.applications (
    id bigint NOT NULL,
    job_requisition_id bigint NOT NULL,
    candidate_id bigint NOT NULL,
    status character varying(50) NOT NULL,
    applied_at timestamp without time zone NOT NULL
);


ALTER TABLE public.applications OWNER TO postgres;

--
-- Name: applications_id_seq; Type: SEQUENCE; Schema: public; Owner: postgres
--

ALTER TABLE public.applications ALTER COLUMN id ADD GENERATED BY DEFAULT AS IDENTITY (
    SEQUENCE NAME public.applications_id_seq
    START WITH 1
    INCREMENT BY 1
    NO MINVALUE
    NO MAXVALUE
    CACHE 1
);


--
-- Name: audit_logs; Type: TABLE; Schema: public; Owner: postgres
--

CREATE TABLE public.audit_logs (
    id bigint NOT NULL,
    action character varying(255) NOT NULL,
    entity_type character varying(50) NOT NULL,
    entity_id bigint NOT NULL,
    performed_by character varying(255) NOT NULL,
    performed_at timestamp without time zone NOT NULL
);


ALTER TABLE public.audit_logs OWNER TO postgres;

--
-- Name: audit_logs_id_seq; Type: SEQUENCE; Schema: public; Owner: postgres
--

ALTER TABLE public.audit_logs ALTER COLUMN id ADD GENERATED BY DEFAULT AS IDENTITY (
    SEQUENCE NAME public.audit_logs_id_seq
    START WITH 1
    INCREMENT BY 1
    NO MINVALUE
    NO MAXVALUE
    CACHE 1
);


--
-- Name: candidate_recommendations; Type: TABLE; Schema: public; Owner: postgres
--

CREATE TABLE public.candidate_recommendations (
    id bigint NOT NULL,
    job_requisition_id bigint NOT NULL,
    candidate_id bigint NOT NULL,
    match_score numeric(5,2) NOT NULL,
    recommended_at timestamp without time zone NOT NULL,
    status character varying(50) NOT NULL
);


ALTER TABLE public.candidate_recommendations OWNER TO postgres;

--
-- Name: candidate_recommendations_id_seq; Type: SEQUENCE; Schema: public; Owner: postgres
--

ALTER TABLE public.candidate_recommendations ALTER COLUMN id ADD GENERATED BY DEFAULT AS IDENTITY (
    SEQUENCE NAME public.candidate_recommendations_id_seq
    START WITH 1
    INCREMENT BY 1
    NO MINVALUE
    NO MAXVALUE
    CACHE 1
);


--
-- Name: candidate_skills; Type: TABLE; Schema: public; Owner: postgres
--

CREATE TABLE public.candidate_skills (
    candidate_id bigint NOT NULL,
    skill character varying(255) NOT NULL
);


ALTER TABLE public.candidate_skills OWNER TO postgres;

--
-- Name: candidates; Type: TABLE; Schema: public; Owner: postgres
--

CREATE TABLE public.candidates (
    id bigint NOT NULL,
    first_name character varying(50) NOT NULL,
    last_name character varying(50) NOT NULL,
    email character varying(100) NOT NULL,
    resume_path character varying(255),
    job_title character varying(100) NOT NULL,
    application_date date NOT NULL,
    status character varying(50) NOT NULL,
    address character varying(255),
    date_of_birth date,
    gender character varying(20),
    marital_status character varying(20),
    nationality character varying(50),
    phone_number character varying(20),
    emergency_contact_name character varying(100),
    emergency_contact_phone character varying(20),
    created_at timestamp without time zone NOT NULL,
    skills text[]
);


ALTER TABLE public.candidates OWNER TO postgres;

--
-- Name: candidates_id_seq; Type: SEQUENCE; Schema: public; Owner: postgres
--

ALTER TABLE public.candidates ALTER COLUMN id ADD GENERATED BY DEFAULT AS IDENTITY (
    SEQUENCE NAME public.candidates_id_seq
    START WITH 1
    INCREMENT BY 1
    NO MINVALUE
    NO MAXVALUE
    CACHE 1
);


--
-- Name: employees; Type: TABLE; Schema: public; Owner: postgres
--

CREATE TABLE public.employees (
    id bigint NOT NULL,
    employee_id character varying(20) NOT NULL,
    username character varying(50),
    first_name character varying(50) NOT NULL,
    last_name character varying(50) NOT NULL,
    email character varying(100) NOT NULL,
    phone_number character varying(20),
    department character varying(50),
    designation character varying(50),
    joining_date date
);


ALTER TABLE public.employees OWNER TO postgres;

--
-- Name: employees_id_seq; Type: SEQUENCE; Schema: public; Owner: postgres
--

ALTER TABLE public.employees ALTER COLUMN id ADD GENERATED BY DEFAULT AS IDENTITY (
    SEQUENCE NAME public.employees_id_seq
    START WITH 1
    INCREMENT BY 1
    NO MINVALUE
    NO MAXVALUE
    CACHE 1
);


--
-- Name: exit_processes; Type: TABLE; Schema: public; Owner: postgres
--

CREATE TABLE public.exit_processes (
    id bigint NOT NULL,
    employee_id bigint NOT NULL,
    exit_type character varying(20) NOT NULL,
    exit_date date NOT NULL,
    exit_interview_notes character varying(255),
    knowledge_transfer_details character varying(255),
    final_settlement_status character varying(20)
);


ALTER TABLE public.exit_processes OWNER TO postgres;

--
-- Name: exit_processes_id_seq; Type: SEQUENCE; Schema: public; Owner: postgres
--

ALTER TABLE public.exit_processes ALTER COLUMN id ADD GENERATED BY DEFAULT AS IDENTITY (
    SEQUENCE NAME public.exit_processes_id_seq
    START WITH 1
    INCREMENT BY 1
    NO MINVALUE
    NO MAXVALUE
    CACHE 1
);


--
-- Name: job_requisitions; Type: TABLE; Schema: public; Owner: postgres
--

CREATE TABLE public.job_requisitions (
    id bigint NOT NULL,
    requisition_code character varying(255) NOT NULL,
    job_title character varying(255) NOT NULL,
    department character varying(255),
    description text,
    status character varying(50) NOT NULL,
    number_of_positions integer,
    posted_date date,
    closing_date date,
    hiring_manager character varying(255),
    location character varying(255)
);


ALTER TABLE public.job_requisitions OWNER TO postgres;

--
-- Name: job_requisitions_id_seq; Type: SEQUENCE; Schema: public; Owner: postgres
--

ALTER TABLE public.job_requisitions ALTER COLUMN id ADD GENERATED BY DEFAULT AS IDENTITY (
    SEQUENCE NAME public.job_requisitions_id_seq
    START WITH 1
    INCREMENT BY 1
    NO MINVALUE
    NO MAXVALUE
    CACHE 1
);


--
-- Name: job_skills; Type: TABLE; Schema: public; Owner: postgres
--

CREATE TABLE public.job_skills (
    job_id bigint NOT NULL,
    skill character varying(255) NOT NULL
);


ALTER TABLE public.job_skills OWNER TO postgres;

--
-- Name: leave_requests; Type: TABLE; Schema: public; Owner: postgres
--

CREATE TABLE public.leave_requests (
    id bigint NOT NULL,
    employee_id bigint NOT NULL,
    leave_type character varying(20) NOT NULL,
    start_date date NOT NULL,
    end_date date NOT NULL,
    reason character varying(255),
    status character varying(20) NOT NULL
);


ALTER TABLE public.leave_requests OWNER TO postgres;

--
-- Name: leave_requests_id_seq; Type: SEQUENCE; Schema: public; Owner: postgres
--

ALTER TABLE public.leave_requests ALTER COLUMN id ADD GENERATED BY DEFAULT AS IDENTITY (
    SEQUENCE NAME public.leave_requests_id_seq
    START WITH 1
    INCREMENT BY 1
    NO MINVALUE
    NO MAXVALUE
    CACHE 1
);


--
-- Name: loan_applications; Type: TABLE; Schema: public; Owner: postgres
--

CREATE TABLE public.loan_applications (
    id bigint NOT NULL,
    employee_id bigint NOT NULL,
    loan_type character varying(20) NOT NULL,
    loan_amount numeric(10,2) NOT NULL,
    application_date date NOT NULL,
    documents character varying(255),
    status character varying(20) NOT NULL
);


ALTER TABLE public.loan_applications OWNER TO postgres;

--
-- Name: loan_applications_id_seq; Type: SEQUENCE; Schema: public; Owner: postgres
--

ALTER TABLE public.loan_applications ALTER COLUMN id ADD GENERATED BY DEFAULT AS IDENTITY (
    SEQUENCE NAME public.loan_applications_id_seq
    START WITH 1
    INCREMENT BY 1
    NO MINVALUE
    NO MAXVALUE
    CACHE 1
);


--
-- Name: manpower_records; Type: TABLE; Schema: public; Owner: postgres
--

CREATE TABLE public.manpower_records (
    id bigint NOT NULL,
    employee_id bigint NOT NULL,
    department character varying(50) NOT NULL,
    designation character varying(50) NOT NULL,
    region character varying(50),
    entry_date date NOT NULL,
    exit_date date,
    is_outsourced boolean NOT NULL,
    overtime_hours integer
);


ALTER TABLE public.manpower_records OWNER TO postgres;

--
-- Name: manpower_records_id_seq; Type: SEQUENCE; Schema: public; Owner: postgres
--

ALTER TABLE public.manpower_records ALTER COLUMN id ADD GENERATED BY DEFAULT AS IDENTITY (
    SEQUENCE NAME public.manpower_records_id_seq
    START WITH 1
    INCREMENT BY 1
    NO MINVALUE
    NO MAXVALUE
    CACHE 1
);


--
-- Name: onboarding_tasks; Type: TABLE; Schema: public; Owner: postgres
--

CREATE TABLE public.onboarding_tasks (
    id bigint NOT NULL,
    candidate_id bigint NOT NULL,
    task_name character varying(100) NOT NULL,
    description text,
    assigned_date timestamp without time zone NOT NULL,
    due_date timestamp without time zone,
    completed_date timestamp without time zone,
    status character varying(50) NOT NULL,
    assigned_to character varying(255)
);


ALTER TABLE public.onboarding_tasks OWNER TO postgres;

--
-- Name: onboarding_tasks_id_seq; Type: SEQUENCE; Schema: public; Owner: postgres
--

ALTER TABLE public.onboarding_tasks ALTER COLUMN id ADD GENERATED BY DEFAULT AS IDENTITY (
    SEQUENCE NAME public.onboarding_tasks_id_seq
    START WITH 1
    INCREMENT BY 1
    NO MINVALUE
    NO MAXVALUE
    CACHE 1
);


--
-- Name: payrolls; Type: TABLE; Schema: public; Owner: postgres
--

CREATE TABLE public.payrolls (
    id bigint NOT NULL,
    employee_id bigint NOT NULL,
    payroll_date date NOT NULL,
    basic_salary numeric(10,2) NOT NULL,
    allowances numeric(10,2),
    deductions numeric(10,2),
    net_salary numeric(10,2) NOT NULL,
    pf_contribution numeric(10,2),
    esi_contribution numeric(10,2),
    tds numeric(10,2),
    payslip_status character varying(20)
);


ALTER TABLE public.payrolls OWNER TO postgres;

--
-- Name: payrolls_id_seq; Type: SEQUENCE; Schema: public; Owner: postgres
--

ALTER TABLE public.payrolls ALTER COLUMN id ADD GENERATED BY DEFAULT AS IDENTITY (
    SEQUENCE NAME public.payrolls_id_seq
    START WITH 1
    INCREMENT BY 1
    NO MINVALUE
    NO MAXVALUE
    CACHE 1
);


--
-- Name: performance_reviews; Type: TABLE; Schema: public; Owner: postgres
--

CREATE TABLE public.performance_reviews (
    id bigint NOT NULL,
    employee_id bigint NOT NULL,
    cycle character varying(50),
    review_date date,
    rating numeric(3,1),
    feedback text,
    goals text,
    kras text
);


ALTER TABLE public.performance_reviews OWNER TO postgres;

--
-- Name: performance_reviews_id_seq; Type: SEQUENCE; Schema: public; Owner: postgres
--

ALTER TABLE public.performance_reviews ALTER COLUMN id ADD GENERATED BY DEFAULT AS IDENTITY (
    SEQUENCE NAME public.performance_reviews_id_seq
    START WITH 1
    INCREMENT BY 1
    NO MINVALUE
    NO MAXVALUE
    CACHE 1
);


--
-- Name: system_settings; Type: TABLE; Schema: public; Owner: postgres
--

CREATE TABLE public.system_settings (
    id bigint NOT NULL,
    setting_key character varying(50) NOT NULL,
    setting_value text NOT NULL
);


ALTER TABLE public.system_settings OWNER TO postgres;

--
-- Name: system_settings_id_seq; Type: SEQUENCE; Schema: public; Owner: postgres
--

ALTER TABLE public.system_settings ALTER COLUMN id ADD GENERATED BY DEFAULT AS IDENTITY (
    SEQUENCE NAME public.system_settings_id_seq
    START WITH 1
    INCREMENT BY 1
    NO MINVALUE
    NO MAXVALUE
    CACHE 1
);


--
-- Name: talent_pools; Type: TABLE; Schema: public; Owner: postgres
--

CREATE TABLE public.talent_pools (
    id bigint NOT NULL,
    candidate_id bigint NOT NULL,
    pool_name character varying(100) NOT NULL,
    added_at timestamp without time zone NOT NULL
);


ALTER TABLE public.talent_pools OWNER TO postgres;

--
-- Name: talent_pools_id_seq; Type: SEQUENCE; Schema: public; Owner: postgres
--

ALTER TABLE public.talent_pools ALTER COLUMN id ADD GENERATED BY DEFAULT AS IDENTITY (
    SEQUENCE NAME public.talent_pools_id_seq
    START WITH 1
    INCREMENT BY 1
    NO MINVALUE
    NO MAXVALUE
    CACHE 1
);


--
-- Name: trainings; Type: TABLE; Schema: public; Owner: postgres
--

CREATE TABLE public.trainings (
    id bigint NOT NULL,
    employee_id bigint NOT NULL,
    training_name character varying(100) NOT NULL,
    start_date date NOT NULL,
    end_date date,
    hours integer,
    trainer character varying(100),
    feedback character varying(255),
    status character varying(20)
);


ALTER TABLE public.trainings OWNER TO postgres;

--
-- Name: trainings_id_seq; Type: SEQUENCE; Schema: public; Owner: postgres
--

ALTER TABLE public.trainings ALTER COLUMN id ADD GENERATED BY DEFAULT AS IDENTITY (
    SEQUENCE NAME public.trainings_id_seq
    START WITH 1
    INCREMENT BY 1
    NO MINVALUE
    NO MAXVALUE
    CACHE 1
);


--
-- Name: users; Type: TABLE; Schema: public; Owner: postgres
--

CREATE TABLE public.users (
    username character varying(255) NOT NULL,
    password character varying(255) NOT NULL,
    role character varying(50) NOT NULL,
    email character varying(100),
    created_at timestamp without time zone NOT NULL
);


ALTER TABLE public.users OWNER TO postgres;

--
-- Data for Name: applications; Type: TABLE DATA; Schema: public; Owner: postgres
--

COPY public.applications (id, job_requisition_id, candidate_id, status, applied_at) FROM stdin;
1	1	1	applied	2025-07-01 10:30:00
2	2	2	under_review	2025-07-02 11:00:00
3	1	3	interviewed	2025-07-03 14:20:00
4	3	4	rejected	2025-07-04 16:45:00
5	2	5	hired	2025-07-05 09:10:00
\.


--
-- Data for Name: audit_logs; Type: TABLE DATA; Schema: public; Owner: postgres
--

COPY public.audit_logs (id, action, entity_type, entity_id, performed_by, performed_at) FROM stdin;
1	CREATE	Candidate	1	admin	2025-06-20 21:10:03.792144
2	UPDATE	JobRequisition	2	hr	2025-06-21 21:10:03.792144
3	DELETE	Employee	3	employee	2025-06-22 21:10:03.792144
4	CREATE	Candidate	4	manager	2025-06-23 21:10:03.792144
5	UPDATE	JobRequisition	5	user1	2025-06-24 21:10:03.792144
6	DELETE	Employee	6	user2	2025-06-25 21:10:03.792144
7	CREATE	Candidate	7	finance_user	2025-06-26 21:10:03.792144
8	UPDATE	JobRequisition	8	admin	2025-06-27 21:10:03.792144
9	DELETE	Employee	9	hr	2025-06-28 21:10:03.792144
10	CREATE	Candidate	10	employee	2025-06-29 21:10:03.792144
11	UPDATE	JobRequisition	11	manager	2025-06-30 21:10:03.792144
12	DELETE	Employee	12	user1	2025-06-29 21:10:03.792144
13	CREATE	Candidate	13	user2	2025-06-28 21:10:03.792144
14	UPDATE	JobRequisition	14	finance_user	2025-06-27 21:10:03.792144
15	DELETE	Employee	15	admin	2025-06-26 21:10:03.792144
16	CREATE	Candidate	16	hr	2025-06-25 21:10:03.792144
17	UPDATE	JobRequisition	17	employee	2025-06-24 21:10:03.792144
18	DELETE	Employee	18	manager	2025-06-23 21:10:03.792144
19	CREATE	Candidate	19	user1	2025-06-22 21:10:03.792144
20	UPDATE	JobRequisition	20	user2	2025-06-21 21:10:03.792144
\.


--
-- Data for Name: candidate_recommendations; Type: TABLE DATA; Schema: public; Owner: postgres
--

COPY public.candidate_recommendations (id, job_requisition_id, candidate_id, match_score, recommended_at, status) FROM stdin;
1	1	1	80.00	2025-06-20 21:11:03.506196	RECOMMENDED
2	2	2	81.00	2025-06-21 21:11:03.506196	RECOMMENDED
3	3	3	82.00	2025-06-22 21:11:03.506196	RECOMMENDED
4	4	4	83.00	2025-06-23 21:11:03.506196	RECOMMENDED
5	5	5	84.00	2025-06-24 21:11:03.506196	RECOMMENDED
6	6	6	85.00	2025-06-25 21:11:03.506196	RECOMMENDED
7	7	7	86.00	2025-06-26 21:11:03.506196	RECOMMENDED
8	8	8	87.00	2025-06-27 21:11:03.506196	RECOMMENDED
9	9	9	88.00	2025-06-28 21:11:03.506196	RECOMMENDED
10	10	10	89.00	2025-06-29 21:11:03.506196	RECOMMENDED
11	11	11	90.00	2025-06-30 21:11:03.506196	RECOMMENDED
12	12	12	91.00	2025-06-29 21:11:03.506196	RECOMMENDED
13	13	13	92.00	2025-06-28 21:11:03.506196	RECOMMENDED
14	14	14	93.00	2025-06-27 21:11:03.506196	RECOMMENDED
15	15	15	94.00	2025-06-26 21:11:03.506196	RECOMMENDED
16	16	16	95.00	2025-06-25 21:11:03.506196	RECOMMENDED
17	17	17	96.00	2025-06-24 21:11:03.506196	RECOMMENDED
18	18	18	97.00	2025-06-23 21:11:03.506196	RECOMMENDED
19	19	19	98.00	2025-06-22 21:11:03.506196	RECOMMENDED
20	20	20	99.00	2025-06-21 21:11:03.506196	RECOMMENDED
\.


--
-- Data for Name: candidate_skills; Type: TABLE DATA; Schema: public; Owner: postgres
--

COPY public.candidate_skills (candidate_id, skill) FROM stdin;
1	Java
1	SQL
2	Leadership
2	Communication
3	Recruitment
3	HR
4	Sales
4	CRM
5	Java
5	SQL
6	Leadership
6	Communication
7	Recruitment
7	HR
8	Sales
8	CRM
9	Java
9	SQL
10	Leadership
10	Communication
11	Recruitment
11	HR
12	Sales
12	CRM
13	Java
13	SQL
14	Leadership
14	Communication
15	Recruitment
15	HR
16	Sales
16	CRM
17	Java
17	SQL
18	Leadership
18	Communication
19	Recruitment
19	HR
20	Sales
20	CRM
\.


--
-- Data for Name: candidates; Type: TABLE DATA; Schema: public; Owner: postgres
--

COPY public.candidates (id, first_name, last_name, email, resume_path, job_title, application_date, status, address, date_of_birth, gender, marital_status, nationality, phone_number, emergency_contact_name, emergency_contact_phone, created_at, skills) FROM stdin;
1	John	Doe	candidate1@example.com	/resumes/cand1.pdf	Software Engineer	2025-05-01	NEW	123 St 1	1995-01-01	Male	Single	Indian	1234567801	Contact1	9876543201	2025-06-30 21:05:58.652281	{Java,SQL}
2	Jane	Smith	candidate2@example.com	/resumes/cand2.pdf	Product Manager	2025-05-02	INTERVIEW	123 St 2	1994-02-02	Female	Married	Indian	1234567802	Contact2	9876543202	2025-06-30 21:05:58.652281	{Leadership,Communication}
3	Alice	Brown	candidate3@example.com	/resumes/cand3.pdf	HR Specialist	2025-05-03	HIRED	123 St 3	1993-03-03	Female	Single	Indian	1234567803	Contact3	9876543203	2025-06-30 21:05:58.652281	{Recruitment,HR}
4	Bob	Jones	candidate4@example.com	/resumes/cand4.pdf	Sales Representative	2025-05-04	NEW	123 St 4	1992-04-04	Male	Married	Indian	1234567804	Contact4	9876543204	2025-06-30 21:05:58.652281	{Sales,CRM}
5	Carol	Davis	candidate5@example.com	/resumes/cand5.pdf	Software Engineer	2025-05-05	INTERVIEW	123 St 5	1991-05-05	Female	Single	Indian	1234567805	Contact5	9876543205	2025-06-30 21:05:58.652281	{Java,SQL}
6	David	Wilson	candidate6@example.com	/resumes/cand6.pdf	Product Manager	2025-05-06	HIRED	123 St 6	1990-06-06	Male	Married	Indian	1234567806	Contact6	9876543206	2025-06-30 21:05:58.652281	{Leadership,Communication}
7	Emma	Taylor	candidate7@example.com	/resumes/cand7.pdf	HR Specialist	2025-05-07	NEW	123 St 7	1989-07-07	Female	Single	Indian	1234567807	Contact7	9876543207	2025-06-30 21:05:58.652281	{Recruitment,HR}
8	Frank	Moore	candidate8@example.com	/resumes/cand8.pdf	Sales Representative	2025-05-08	INTERVIEW	123 St 8	1988-08-08	Male	Married	Indian	1234567808	Contact8	9876543208	2025-06-30 21:05:58.652281	{Sales,CRM}
9	Grace	Clark	candidate9@example.com	/resumes/cand9.pdf	Software Engineer	2025-05-09	HIRED	123 St 9	1987-09-09	Female	Single	Indian	1234567809	Contact9	9876543209	2025-06-30 21:05:58.652281	{Java,SQL}
10	Henry	Lewis	candidate10@example.com	/resumes/cand10.pdf	Product Manager	2025-05-10	NEW	123 St 10	1986-10-10	Male	Married	Indian	1234567810	Contact10	9876543210	2025-06-30 21:05:58.652281	{Leadership,Communication}
11	Isabel	Walker	candidate11@example.com	/resumes/cand11.pdf	HR Specialist	2025-05-11	INTERVIEW	123 St 11	1985-11-11	Female	Single	Indian	1234567811	Contact11	9876543211	2025-06-30 21:05:58.652281	{Recruitment,HR}
12	Jack	Hall	candidate12@example.com	/resumes/cand12.pdf	Sales Representative	2025-05-12	HIRED	123 St 12	1984-12-12	Male	Married	Indian	1234567812	Contact12	9876543212	2025-06-30 21:05:58.652281	{Sales,CRM}
13	Kelly	Allen	candidate13@example.com	/resumes/cand13.pdf	Software Engineer	2025-05-13	NEW	123 St 13	1983-01-13	Female	Single	Indian	1234567813	Contact13	9876543213	2025-06-30 21:05:58.652281	{Java,SQL}
14	Liam	Young	candidate14@example.com	/resumes/cand14.pdf	Product Manager	2025-05-14	INTERVIEW	123 St 14	1982-02-14	Male	Married	Indian	1234567814	Contact14	9876543214	2025-06-30 21:05:58.652281	{Leadership,Communication}
15	Mia	King	candidate15@example.com	/resumes/cand15.pdf	HR Specialist	2025-05-15	HIRED	123 St 15	1981-03-15	Female	Single	Indian	1234567815	Contact15	9876543215	2025-06-30 21:05:58.652281	{Recruitment,HR}
16	Noah	Scott	candidate16@example.com	/resumes/cand16.pdf	Sales Representative	2025-05-16	NEW	123 St 16	1980-04-16	Male	Married	Indian	1234567816	Contact16	9876543216	2025-06-30 21:05:58.652281	{Sales,CRM}
17	Olivia	Green	candidate17@example.com	/resumes/cand17.pdf	Software Engineer	2025-05-17	INTERVIEW	123 St 17	1979-05-17	Female	Single	Indian	1234567817	Contact17	9876543217	2025-06-30 21:05:58.652281	{Java,SQL}
18	Peter	Adams	candidate18@example.com	/resumes/cand18.pdf	Product Manager	2025-05-18	HIRED	123 St 18	1978-06-18	Male	Married	Indian	1234567818	Contact18	9876543218	2025-06-30 21:05:58.652281	{Leadership,Communication}
19	Quinn	Baker	candidate19@example.com	/resumes/cand19.pdf	HR Specialist	2025-05-19	NEW	123 St 19	1977-07-19	Female	Single	Indian	1234567819	Contact19	9876543219	2025-06-30 21:05:58.652281	{Recruitment,HR}
20	Rachel	Carter	candidate20@example.com	/resumes/cand20.pdf	Sales Representative	2025-05-20	INTERVIEW	123 St 20	1976-08-20	Female	Married	Indian	1234567820	Contact20	9876543220	2025-06-30 21:05:58.652281	{Sales,CRM}
\.


--
-- Data for Name: employees; Type: TABLE DATA; Schema: public; Owner: postgres
--

COPY public.employees (id, employee_id, username, first_name, last_name, email, phone_number, department, designation, joining_date) FROM stdin;
1	EMP001	admin	Emp1	Last1	emp1@example.com	1234567801	IT	Software Engineer	2024-01-01
2	EMP002	hr	Emp2	Last2	emp2@example.com	1234567802	HR	HR Manager	2024-02-01
3	EMP003	employee	Emp3	Last3	emp3@example.com	1234567803	Sales	Sales Lead	2024-03-01
4	EMP004	manager	Emp4	Last4	emp4@example.com	1234567804	Marketing	Marketing Specialist	2024-04-01
5	EMP005	user1	Emp5	Last5	emp5@example.com	1234567805	IT	Software Engineer	2024-05-01
6	EMP006	user2	Emp6	Last6	emp6@example.com	1234567806	HR	HR Manager	2024-06-01
7	EMP007	finance_user	Emp7	Last7	emp7@example.com	1234567807	Sales	Sales Lead	2024-07-01
8	EMP008	\N	Emp8	Last8	emp8@example.com	1234567808	Marketing	Marketing Specialist	2024-08-01
9	EMP009	\N	Emp9	Last9	emp9@example.com	1234567809	IT	Software Engineer	2024-09-01
10	EMP010	\N	Emp10	Last10	emp10@example.com	1234567810	HR	HR Manager	2024-10-01
11	EMP011	\N	Emp11	Last11	emp11@example.com	1234567811	Sales	Sales Lead	2024-11-01
12	EMP012	\N	Emp12	Last12	emp12@example.com	1234567812	Marketing	Marketing Specialist	2024-12-01
13	EMP013	\N	Emp13	Last13	emp13@example.com	1234567813	IT	Software Engineer	2024-01-01
14	EMP014	\N	Emp14	Last14	emp14@example.com	1234567814	HR	HR Manager	2024-02-01
15	EMP015	\N	Emp15	Last15	emp15@example.com	1234567815	Sales	Sales Lead	2024-03-01
16	EMP016	\N	Emp16	Last16	emp16@example.com	1234567816	Marketing	Marketing Specialist	2024-04-01
17	EMP017	\N	Emp17	Last17	emp17@example.com	1234567817	IT	Software Engineer	2024-05-01
18	EMP018	\N	Emp18	Last18	emp18@example.com	1234567818	HR	HR Manager	2024-06-01
19	EMP019	\N	Emp19	Last19	emp19@example.com	1234567819	Sales	Sales Lead	2024-07-01
20	EMP020	\N	Emp20	Last20	emp20@example.com	1234567820	Marketing	Marketing Specialist	2024-08-01
\.


--
-- Data for Name: exit_processes; Type: TABLE DATA; Schema: public; Owner: postgres
--

COPY public.exit_processes (id, employee_id, exit_type, exit_date, exit_interview_notes, knowledge_transfer_details, final_settlement_status) FROM stdin;
1	1	RESIGNATION	2025-06-01	Moved to new job	Tasks transferred	PENDING
2	2	TERMINATION	2025-06-02	Performance issue	Tasks reassigned	COMPLETED
3	3	RESIGNATION	2025-06-03	Relocation	Tasks transferred	PENDING
4	4	TERMINATION	2025-06-04	Policy violation	Tasks reassigned	COMPLETED
5	5	RESIGNATION	2025-06-05	Career change	Tasks transferred	PENDING
6	6	TERMINATION	2025-06-06	Performance issue	Tasks reassigned	COMPLETED
7	7	RESIGNATION	2025-06-07	Personal reasons	Tasks transferred	PENDING
8	8	TERMINATION	2025-06-08	Policy violation	Tasks reassigned	COMPLETED
9	9	RESIGNATION	2025-06-09	New opportunity	Tasks transferred	PENDING
10	10	TERMINATION	2025-06-10	Performance issue	Tasks reassigned	COMPLETED
11	11	RESIGNATION	2025-06-11	Relocation	Tasks transferred	PENDING
12	12	TERMINATION	2025-06-12	Policy violation	Tasks reassigned	COMPLETED
13	13	RESIGNATION	2025-06-13	Career change	Tasks transferred	PENDING
14	14	TERMINATION	2025-06-14	Performance issue	Tasks reassigned	COMPLETED
15	15	RESIGNATION	2025-06-15	Personal reasons	Tasks transferred	PENDING
16	16	TERMINATION	2025-06-16	Policy violation	Tasks reassigned	COMPLETED
17	17	RESIGNATION	2025-06-17	New opportunity	Tasks transferred	PENDING
18	18	TERMINATION	2025-06-18	Performance issue	Tasks reassigned	COMPLETED
19	19	RESIGNATION	2025-06-19	Relocation	Tasks transferred	PENDING
20	20	TERMINATION	2025-06-20	Policy violation	Tasks reassigned	COMPLETED
\.


--
-- Data for Name: job_requisitions; Type: TABLE DATA; Schema: public; Owner: postgres
--

COPY public.job_requisitions (id, requisition_code, job_title, department, description, status, number_of_positions, posted_date, closing_date, hiring_manager, location) FROM stdin;
1	JR001	Software Engineer	Engineering	Develop software	OPEN	2	2025-05-01	2025-07-01	Manager1	Noida
2	JR002	Product Manager	Product	Manage products	CLOSED	1	2025-05-02	2025-07-02	Manager2	Bangalore
3	JR003	HR Specialist	Human Resources	Handle HR tasks	OPEN	1	2025-05-03	2025-07-03	Manager3	Delhi
4	JR004	Sales Representative	Sales	Drive sales	CLOSED	2	2025-05-04	2025-07-04	Manager4	Noida
5	JR005	Software Engineer	Engineering	Develop software	OPEN	2	2025-05-05	2025-07-05	Manager5	Bangalore
6	JR006	Product Manager	Product	Manage products	CLOSED	1	2025-05-06	2025-07-06	Manager6	Delhi
7	JR007	HR Specialist	Human Resources	Handle HR tasks	OPEN	1	2025-05-07	2025-07-07	Manager7	Noida
8	JR008	Sales Representative	Sales	Drive sales	CLOSED	2	2025-05-08	2025-07-08	Manager8	Bangalore
9	JR009	Software Engineer	Engineering	Develop software	OPEN	2	2025-05-09	2025-07-09	Manager9	Delhi
10	JR010	Product Manager	Product	Manage products	CLOSED	1	2025-05-10	2025-07-10	Manager10	Noida
11	JR011	HR Specialist	Human Resources	Handle HR tasks	OPEN	1	2025-05-11	2025-07-11	Manager11	Bangalore
12	JR012	Sales Representative	Sales	Drive sales	CLOSED	2	2025-05-12	2025-07-12	Manager12	Delhi
13	JR013	Software Engineer	Engineering	Develop software	OPEN	2	2025-05-13	2025-07-13	Manager13	Noida
14	JR014	Product Manager	Product	Manage products	CLOSED	1	2025-05-14	2025-07-14	Manager14	Bangalore
15	JR015	HR Specialist	Human Resources	Handle HR tasks	OPEN	1	2025-05-15	2025-07-15	Manager15	Delhi
16	JR016	Sales Representative	Sales	Drive sales	CLOSED	2	2025-05-15	2025-07-16	Manager16	Noida
17	JR017	Software Engineer	Engineering	Develop software	OPEN	2	2025-05-17	2025-07-17	Manager17	Bangalore
18	JR018	Product Manager	Product	Manage products	CLOSED	1	2025-05-18	2025-07-18	Manager18	Delhi
19	JR019	HR Specialist	Human Resources	Handle HR tasks	OPEN	1	2025-05-19	2025-07-19	Manager19	Noida
20	JR020	Sales Representative	Sales	Drive sales	CLOSED	2	2025-05-20	2025-07-20	Manager20	Bangalore
\.


--
-- Data for Name: job_skills; Type: TABLE DATA; Schema: public; Owner: postgres
--

COPY public.job_skills (job_id, skill) FROM stdin;
1	Java
2	Leadership
3	Recruitment
4	Sales
5	Java
6	Leadership
7	Recruitment
8	Sales
9	Java
10	Leadership
11	Recruitment
12	Sales
13	Java
14	Leadership
15	Recruitment
16	Sales
17	Java
18	Leadership
19	Recruitment
20	Sales
\.


--
-- Data for Name: leave_requests; Type: TABLE DATA; Schema: public; Owner: postgres
--

COPY public.leave_requests (id, employee_id, leave_type, start_date, end_date, reason, status) FROM stdin;
1	1	SICK	2025-07-01	2025-07-03	Medical	APPROVED
2	2	CASUAL	2025-07-02	2025-07-04	Vacation	PENDING
3	3	ANNUAL	2025-07-03	2025-07-05	Annual leave	APPROVED
4	4	BEREAVEMENT	2025-07-04	2025-07-06	Family loss	PENDING
5	5	SICK	2025-07-05	2025-07-07	Medical	APPROVED
6	6	CASUAL	2025-07-06	2025-07-08	Vacation	PENDING
7	7	ANNUAL	2025-07-07	2025-07-09	Annual leave	APPROVED
8	8	BEREAVEMENT	2025-07-08	2025-07-10	Family loss	PENDING
9	9	SICK	2025-07-09	2025-07-11	Medical	APPROVED
10	10	CASUAL	2025-07-10	2025-07-12	Vacation	PENDING
11	11	ANNUAL	2025-07-11	2025-07-13	Annual leave	APPROVED
12	12	BEREAVEMENT	2025-07-12	2025-07-14	Family loss	PENDING
13	13	SICK	2025-07-13	2025-07-15	Medical	APPROVED
14	14	CASUAL	2025-07-14	2025-07-16	Vacation	PENDING
15	15	ANNUAL	2025-07-15	2025-07-17	Annual leave	APPROVED
16	16	BEREAVEMENT	2025-07-16	2025-07-18	Family loss	PENDING
17	17	SICK	2025-07-17	2025-07-19	Medical	APPROVED
18	18	CASUAL	2025-07-18	2025-07-20	Vacation	PENDING
19	19	ANNUAL	2025-07-19	2025-07-21	Annual leave	APPROVED
20	20	BEREAVEMENT	2025-07-20	2025-07-22	Family loss	PENDING
\.


--
-- Data for Name: loan_applications; Type: TABLE DATA; Schema: public; Owner: postgres
--

COPY public.loan_applications (id, employee_id, loan_type, loan_amount, application_date, documents, status) FROM stdin;
1	1	HOUSING	500000.00	2025-05-01	/loans/emp1.pdf	APPROVED
2	2	PERSONAL	50000.00	2025-05-02	/loans/emp2.pdf	PENDING
3	3	EDUCATION	150000.00	2025-05-03	/loans/emp3.pdf	REJECTED
4	4	HOUSING	510000.00	2025-05-04	/loans/emp4.pdf	APPROVED
5	5	PERSONAL	51000.00	2025-05-05	/loans/emp5.pdf	PENDING
6	6	EDUCATION	151000.00	2025-05-06	/loans/emp6.pdf	REJECTED
7	7	HOUSING	520000.00	2025-05-07	/loans/emp7.pdf	APPROVED
8	8	PERSONAL	52000.00	2025-05-08	/loans/emp8.pdf	PENDING
9	9	EDUCATION	152000.00	2025-05-09	/loans/emp9.pdf	REJECTED
10	10	HOUSING	530000.00	2025-05-10	/loans/emp10.pdf	APPROVED
11	11	PERSONAL	53000.00	2025-05-11	/loans/emp11.pdf	PENDING
12	12	EDUCATION	153000.00	2025-05-12	/loans/emp12.pdf	REJECTED
13	13	HOUSING	540000.00	2025-05-13	/loans/emp13.pdf	APPROVED
14	14	PERSONAL	54000.00	2025-05-14	/loans/emp14.pdf	PENDING
15	15	EDUCATION	154000.00	2025-05-15	/loans/emp15.pdf	REJECTED
16	16	HOUSING	550000.00	2025-05-16	/loans/emp16.pdf	APPROVED
17	17	PERSONAL	55000.00	2025-05-17	/loans/emp17.pdf	PENDING
18	18	EDUCATION	155000.00	2025-05-18	/loans/emp18.pdf	REJECTED
19	19	HOUSING	560000.00	2025-05-19	/loans/emp19.pdf	APPROVED
20	20	PERSONAL	56000.00	2025-05-20	/loans/emp20.pdf	PENDING
\.


--
-- Data for Name: manpower_records; Type: TABLE DATA; Schema: public; Owner: postgres
--

COPY public.manpower_records (id, employee_id, department, designation, region, entry_date, exit_date, is_outsourced, overtime_hours) FROM stdin;
1	1	IT	Software Engineer	North	2024-01-01	\N	f	10
2	2	HR	HR Manager	South	2024-02-01	2025-06-02	t	15
3	3	Sales	Sales Lead	East	2024-03-01	\N	f	20
4	4	Marketing	Marketing Specialist	West	2024-04-01	2025-06-04	t	5
5	5	IT	Software Engineer	North	2024-05-01	\N	f	10
6	6	HR	HR Manager	South	2024-06-01	2025-06-06	t	15
7	7	Sales	Sales Lead	East	2024-07-01	\N	f	20
8	8	Marketing	Marketing Specialist	West	2024-08-01	2025-06-08	t	5
9	9	IT	Software Engineer	North	2024-09-01	\N	f	10
10	10	HR	HR Manager	South	2024-10-01	2025-06-10	t	15
11	11	Sales	Sales Lead	East	2024-11-01	\N	f	20
12	12	Marketing	Marketing Specialist	West	2024-12-01	2025-06-12	t	5
13	13	IT	Software Engineer	North	2024-01-01	\N	f	10
14	14	HR	HR Manager	South	2024-02-01	2025-06-14	t	15
15	15	Sales	Sales Lead	East	2024-03-01	\N	f	20
16	16	Marketing	Marketing Specialist	West	2024-04-01	2025-06-16	t	5
17	17	IT	Software Engineer	North	2024-05-01	\N	f	10
18	18	HR	HR Manager	South	2024-06-01	2025-06-18	t	15
19	19	Sales	Sales Lead	East	2024-07-01	\N	f	20
20	20	Marketing	Marketing Specialist	West	2024-08-01	2025-06-20	t	5
\.


--
-- Data for Name: onboarding_tasks; Type: TABLE DATA; Schema: public; Owner: postgres
--

COPY public.onboarding_tasks (id, candidate_id, task_name, description, assigned_date, due_date, completed_date, status, assigned_to) FROM stdin;
1	1	Task1	Complete HR forms	2025-06-20 21:14:48.756892	2025-06-10 00:00:00	\N	PENDING	admin
2	2	Task2	Setup laptop	2025-06-21 21:14:48.756892	2025-06-11 00:00:00	2025-06-30 21:14:48.756892	COMPLETED	hr
3	3	Task3	Training session	2025-06-22 21:14:48.756892	2025-06-12 00:00:00	\N	PENDING	employee
4	4	Task4	Sign NDA	2025-06-23 21:14:48.756892	2025-06-13 00:00:00	2025-06-30 21:14:48.756892	COMPLETED	manager
5	5	Task5	Complete HR forms	2025-06-24 21:14:48.756892	2025-06-14 00:00:00	\N	PENDING	user1
6	6	Task6	Setup laptop	2025-06-25 21:14:48.756892	2025-06-15 00:00:00	2025-06-30 21:14:48.756892	COMPLETED	user2
7	7	Task7	Training session	2025-06-26 21:14:48.756892	2025-06-16 00:00:00	\N	PENDING	finance_user
8	8	Task8	Sign NDA	2025-06-27 21:14:48.756892	2025-06-17 00:00:00	2025-06-30 21:14:48.756892	COMPLETED	admin
9	9	Task9	Complete HR forms	2025-06-28 21:14:48.756892	2025-06-18 00:00:00	\N	PENDING	hr
10	10	Task10	Setup laptop	2025-06-29 21:14:48.756892	2025-06-19 00:00:00	2025-06-30 21:14:48.756892	COMPLETED	employee
11	11	Task11	Training session	2025-06-30 21:14:48.756892	2025-06-20 00:00:00	\N	PENDING	manager
12	12	Task12	Sign NDA	2025-06-29 21:14:48.756892	2025-06-21 00:00:00	2025-06-30 21:14:48.756892	COMPLETED	user1
13	13	Task13	Complete HR forms	2025-06-28 21:14:48.756892	2025-06-22 00:00:00	\N	PENDING	user2
14	14	Task14	Setup laptop	2025-06-27 21:14:48.756892	2025-06-23 00:00:00	2025-06-30 21:14:48.756892	COMPLETED	finance_user
15	15	Task15	Training session	2025-06-26 21:14:48.756892	2025-06-24 00:00:00	\N	PENDING	admin
16	16	Task16	Sign NDA	2025-06-25 21:14:48.756892	2025-06-25 00:00:00	2025-06-30 21:14:48.756892	COMPLETED	hr
17	17	Task17	Complete HR forms	2025-06-24 21:14:48.756892	2025-06-26 00:00:00	\N	PENDING	employee
18	18	Task18	Setup laptop	2025-06-23 21:14:48.756892	2025-06-27 00:00:00	2025-06-30 21:14:48.756892	COMPLETED	manager
19	19	Task19	Training session	2025-06-22 21:14:48.756892	2025-06-28 00:00:00	\N	PENDING	user1
20	20	Task20	Sign NDA	2025-06-21 21:14:48.756892	2025-06-29 00:00:00	2025-06-30 21:14:48.756892	COMPLETED	user2
\.


--
-- Data for Name: payrolls; Type: TABLE DATA; Schema: public; Owner: postgres
--

COPY public.payrolls (id, employee_id, payroll_date, basic_salary, allowances, deductions, net_salary, pf_contribution, esi_contribution, tds, payslip_status) FROM stdin;
1	1	2025-05-31	50000.00	5000.00	2000.00	53000.00	3000.00	1000.00	1000.00	GENERATED
2	2	2025-05-31	51000.00	5100.00	2100.00	54000.00	3100.00	1100.00	1100.00	GENERATED
3	3	2025-05-31	52000.00	5200.00	2200.00	55000.00	3200.00	1200.00	1200.00	GENERATED
4	4	2025-05-31	53000.00	5300.00	2300.00	56000.00	3300.00	1300.00	1300.00	GENERATED
5	5	2025-05-31	54000.00	5400.00	2400.00	57000.00	3400.00	1400.00	1400.00	GENERATED
6	6	2025-05-31	55000.00	5500.00	2500.00	58000.00	3500.00	1500.00	1500.00	GENERATED
7	7	2025-05-31	56000.00	5600.00	2600.00	59000.00	3600.00	1600.00	1600.00	GENERATED
8	8	2025-05-31	57000.00	5700.00	2700.00	60000.00	3700.00	1700.00	1700.00	GENERATED
9	9	2025-05-31	58000.00	5800.00	2800.00	61000.00	3800.00	1800.00	1800.00	GENERATED
10	10	2025-05-31	59000.00	5900.00	2900.00	62000.00	3900.00	1900.00	1900.00	GENERATED
11	11	2025-05-31	60000.00	6000.00	3000.00	63000.00	4000.00	2000.00	2000.00	GENERATED
12	12	2025-05-31	61000.00	6100.00	3100.00	64000.00	4100.00	2100.00	2100.00	GENERATED
13	13	2025-05-31	62000.00	6200.00	3200.00	65000.00	4200.00	2200.00	2200.00	GENERATED
14	14	2025-05-31	63000.00	6300.00	3300.00	66000.00	4300.00	2300.00	2300.00	GENERATED
15	15	2025-05-31	64000.00	6400.00	3400.00	67000.00	4400.00	2400.00	2400.00	GENERATED
16	16	2025-05-31	65000.00	6500.00	3500.00	68000.00	4500.00	2500.00	2500.00	GENERATED
17	17	2025-05-31	66000.00	6600.00	3600.00	69000.00	4600.00	2600.00	2600.00	GENERATED
18	18	2025-05-31	67000.00	6700.00	3700.00	70000.00	4700.00	2700.00	2700.00	GENERATED
19	19	2025-05-31	68000.00	6800.00	3800.00	71000.00	4800.00	2800.00	2800.00	GENERATED
20	20	2025-05-31	69000.00	6900.00	3900.00	72000.00	4900.00	2900.00	2900.00	GENERATED
\.


--
-- Data for Name: performance_reviews; Type: TABLE DATA; Schema: public; Owner: postgres
--

COPY public.performance_reviews (id, employee_id, cycle, review_date, rating, feedback, goals, kras) FROM stdin;
1	1	Q1 2025	2025-04-01	4.0	Good performance	Improve skills	Complete projects
2	2	Q1 2025	2025-04-02	4.1	Excellent work	Lead team	Hire 5 employees
3	3	Q1 2025	2025-04-03	4.2	Strong sales	Increase sales	Meet targets
4	4	Q1 2025	2025-04-04	4.3	Good campaigns	Launch campaign	Improve reach
5	5	Q1 2025	2025-04-05	4.4	Good performance	Improve skills	Complete projects
6	6	Q1 2025	2025-04-06	4.5	Excellent work	Lead team	Hire 5 employees
7	7	Q1 2025	2025-04-07	4.6	Strong sales	Increase sales	Meet targets
8	8	Q1 2025	2025-04-08	4.7	Good campaigns	Launch campaign	Improve reach
9	9	Q1 2025	2025-04-09	4.8	Good performance	Improve skills	Complete projects
10	10	Q1 2025	2025-04-10	4.9	Excellent work	Lead team	Hire 5 employees
11	11	Q1 2025	2025-04-11	5.0	Strong sales	Increase sales	Meet targets
12	12	Q1 2025	2025-04-12	4.0	Good campaigns	Launch campaign	Improve reach
13	13	Q1 2025	2025-04-13	4.1	Good performance	Improve skills	Complete projects
14	14	Q1 2025	2025-04-14	4.2	Excellent work	Lead team	Hire 5 employees
15	15	Q1 2025	2025-04-15	4.3	Strong sales	Increase sales	Meet targets
16	16	Q1 2025	2025-04-16	4.4	Good campaigns	Launch campaign	Improve reach
17	17	Q1 2025	2025-04-17	4.5	Good performance	Improve skills	Complete projects
18	18	Q1 2025	2025-04-18	4.6	Excellent work	Lead team	Hire 5 employees
19	19	Q1 2025	2025-04-19	4.7	Strong sales	Increase sales	Meet targets
20	20	Q1 2025	2025-04-20	4.8	Good campaigns	Launch campaign	Improve reach
\.


--
-- Data for Name: system_settings; Type: TABLE DATA; Schema: public; Owner: postgres
--

COPY public.system_settings (id, setting_key, setting_value) FROM stdin;
1	max_leave_days	20
2	tax_rate	0.1
3	holiday_url	https://example.com/holidays
4	email_enabled	true
5	review_frequency	Quarterly
6	overtime_limit	50
7	loan_limit	1000000
8	pf_rate	0.12
9	esi_rate	0.03
10	tds_rate	0.05
11	max_leave_days2	25
12	tax_rate2	0.15
13	holiday_url2	https://example.com/holidays2
14	email_enabled2	false
15	review_frequency2	Annual
16	overtime_limit2	60
17	loan_limit2	2000000
18	pf_rate2	0.13
19	esi_rate2	0.04
20	tds_rate2	0.06
\.


--
-- Data for Name: talent_pools; Type: TABLE DATA; Schema: public; Owner: postgres
--

COPY public.talent_pools (id, candidate_id, pool_name, added_at) FROM stdin;
1	1	IT Pool	2025-06-20 21:17:16.522182
2	2	Product Pool	2025-06-21 21:17:16.522182
3	3	HR Pool	2025-06-22 21:17:16.522182
4	4	Sales Pool	2025-06-23 21:17:16.522182
5	5	IT Pool	2025-06-24 21:17:16.522182
6	6	Product Pool	2025-06-25 21:17:16.522182
7	7	HR Pool	2025-06-26 21:17:16.522182
8	8	Sales Pool	2025-06-27 21:17:16.522182
9	9	IT Pool	2025-06-28 21:17:16.522182
10	10	Product Pool	2025-06-29 21:17:16.522182
11	11	HR Pool	2025-06-30 21:17:16.522182
12	12	Sales Pool	2025-06-29 21:17:16.522182
13	13	IT Pool	2025-06-28 21:17:16.522182
14	14	Product Pool	2025-06-27 21:17:16.522182
15	15	HR Pool	2025-06-26 21:17:16.522182
16	16	Sales Pool	2025-06-25 21:17:16.522182
17	17	IT Pool	2025-06-24 21:17:16.522182
18	18	Product Pool	2025-06-23 21:17:16.522182
19	19	HR Pool	2025-06-22 21:17:16.522182
20	20	Sales Pool	2025-06-21 21:17:16.522182
\.


--
-- Data for Name: trainings; Type: TABLE DATA; Schema: public; Owner: postgres
--

COPY public.trainings (id, employee_id, training_name, start_date, end_date, hours, trainer, feedback, status) FROM stdin;
1	1	Java Training	2025-05-01	2025-05-03	24	Trainer1	Good	COMPLETED
2	2	HR Training	2025-05-02	2025-05-04	16	Trainer2	Excellent	SCHEDULED
3	3	Sales Training	2025-05-03	2025-05-05	20	Trainer3	Informative	COMPLETED
4	4	Marketing Training	2025-05-04	2025-05-06	18	Trainer4	Useful	SCHEDULED
5	5	Java Training	2025-05-05	2025-05-07	24	Trainer5	Good	COMPLETED
6	6	HR Training	2025-05-06	2025-05-08	16	Trainer6	Excellent	SCHEDULED
7	7	Sales Training	2025-05-07	2025-05-09	20	Trainer7	Informative	COMPLETED
8	8	Marketing Training	2025-05-08	2025-05-10	18	Trainer8	Useful	SCHEDULED
9	9	Java Training	2025-05-09	2025-05-11	24	Trainer9	Good	COMPLETED
10	10	HR Training	2025-05-10	2025-05-12	16	Trainer10	Excellent	SCHEDULED
11	11	Sales Training	2025-05-11	2025-05-13	20	Trainer11	Informative	COMPLETED
12	12	Marketing Training	2025-05-12	2025-05-14	18	Trainer12	Useful	SCHEDULED
13	13	Java Training	2025-05-13	2025-05-15	24	Trainer13	Good	COMPLETED
14	14	HR Training	2025-05-14	2025-05-16	16	Trainer14	Excellent	SCHEDULED
15	15	Sales Training	2025-05-15	2025-05-17	20	Trainer15	Informative	COMPLETED
16	16	Marketing Training	2025-05-16	2025-05-18	18	Trainer16	Useful	SCHEDULED
17	17	Java Training	2025-05-17	2025-05-19	24	Trainer17	Good	COMPLETED
18	18	HR Training	2025-05-18	2025-05-20	16	Trainer18	Excellent	SCHEDULED
19	19	Sales Training	2025-05-19	2025-05-21	20	Trainer19	Informative	COMPLETED
20	20	Marketing Training	2025-05-20	2025-05-22	18	Trainer20	Useful	SCHEDULED
\.


--
-- Data for Name: users; Type: TABLE DATA; Schema: public; Owner: postgres
--

COPY public.users (username, password, role, email, created_at) FROM stdin;
admin	admin123	ADMIN	admin@example.com	2025-06-27 23:03:31.367384
hr	hr123	HR	hr@example.com	2025-06-27 23:03:31.367384
employee	emp123	EMPLOYEE	employee@example.com	2025-06-27 23:03:31.367384
manager	manager123	MANAGER	manager@example.com	2025-06-27 23:03:31.367384
user1	user123	EMPLOYEE	user1@example.com	2025-06-27 23:03:31.367384
user2	user123	EMPLOYEE	user2@example.com	2025-06-27 23:03:31.367384
finance_user	finance123	FINANCE	finance@example.com	2025-06-27 23:03:31.367384
\.


--
-- Name: applications_id_seq; Type: SEQUENCE SET; Schema: public; Owner: postgres
--

SELECT pg_catalog.setval('public.applications_id_seq', 20, true);


--
-- Name: audit_logs_id_seq; Type: SEQUENCE SET; Schema: public; Owner: postgres
--

SELECT pg_catalog.setval('public.audit_logs_id_seq', 20, true);


--
-- Name: candidate_recommendations_id_seq; Type: SEQUENCE SET; Schema: public; Owner: postgres
--

SELECT pg_catalog.setval('public.candidate_recommendations_id_seq', 20, true);


--
-- Name: candidates_id_seq; Type: SEQUENCE SET; Schema: public; Owner: postgres
--

SELECT pg_catalog.setval('public.candidates_id_seq', 20, true);


--
-- Name: employees_id_seq; Type: SEQUENCE SET; Schema: public; Owner: postgres
--

SELECT pg_catalog.setval('public.employees_id_seq', 20, true);


--
-- Name: exit_processes_id_seq; Type: SEQUENCE SET; Schema: public; Owner: postgres
--

SELECT pg_catalog.setval('public.exit_processes_id_seq', 20, true);


--
-- Name: job_requisitions_id_seq; Type: SEQUENCE SET; Schema: public; Owner: postgres
--

SELECT pg_catalog.setval('public.job_requisitions_id_seq', 20, true);


--
-- Name: leave_requests_id_seq; Type: SEQUENCE SET; Schema: public; Owner: postgres
--

SELECT pg_catalog.setval('public.leave_requests_id_seq', 20, true);


--
-- Name: loan_applications_id_seq; Type: SEQUENCE SET; Schema: public; Owner: postgres
--

SELECT pg_catalog.setval('public.loan_applications_id_seq', 20, true);


--
-- Name: manpower_records_id_seq; Type: SEQUENCE SET; Schema: public; Owner: postgres
--

SELECT pg_catalog.setval('public.manpower_records_id_seq', 20, true);


--
-- Name: onboarding_tasks_id_seq; Type: SEQUENCE SET; Schema: public; Owner: postgres
--

SELECT pg_catalog.setval('public.onboarding_tasks_id_seq', 20, true);


--
-- Name: payrolls_id_seq; Type: SEQUENCE SET; Schema: public; Owner: postgres
--

SELECT pg_catalog.setval('public.payrolls_id_seq', 20, true);


--
-- Name: performance_reviews_id_seq; Type: SEQUENCE SET; Schema: public; Owner: postgres
--

SELECT pg_catalog.setval('public.performance_reviews_id_seq', 20, true);


--
-- Name: system_settings_id_seq; Type: SEQUENCE SET; Schema: public; Owner: postgres
--

SELECT pg_catalog.setval('public.system_settings_id_seq', 20, true);


--
-- Name: talent_pools_id_seq; Type: SEQUENCE SET; Schema: public; Owner: postgres
--

SELECT pg_catalog.setval('public.talent_pools_id_seq', 20, true);


--
-- Name: trainings_id_seq; Type: SEQUENCE SET; Schema: public; Owner: postgres
--

SELECT pg_catalog.setval('public.trainings_id_seq', 20, true);


--
-- Name: applications applications_pkey; Type: CONSTRAINT; Schema: public; Owner: postgres
--

ALTER TABLE ONLY public.applications
    ADD CONSTRAINT applications_pkey PRIMARY KEY (id);


--
-- Name: audit_logs audit_logs_pkey; Type: CONSTRAINT; Schema: public; Owner: postgres
--

ALTER TABLE ONLY public.audit_logs
    ADD CONSTRAINT audit_logs_pkey PRIMARY KEY (id);


--
-- Name: candidate_recommendations candidate_recommendations_pkey; Type: CONSTRAINT; Schema: public; Owner: postgres
--

ALTER TABLE ONLY public.candidate_recommendations
    ADD CONSTRAINT candidate_recommendations_pkey PRIMARY KEY (id);


--
-- Name: candidate_skills candidate_skills_pkey; Type: CONSTRAINT; Schema: public; Owner: postgres
--

ALTER TABLE ONLY public.candidate_skills
    ADD CONSTRAINT candidate_skills_pkey PRIMARY KEY (candidate_id, skill);


--
-- Name: candidates candidates_email_key; Type: CONSTRAINT; Schema: public; Owner: postgres
--

ALTER TABLE ONLY public.candidates
    ADD CONSTRAINT candidates_email_key UNIQUE (email);


--
-- Name: candidates candidates_pkey; Type: CONSTRAINT; Schema: public; Owner: postgres
--

ALTER TABLE ONLY public.candidates
    ADD CONSTRAINT candidates_pkey PRIMARY KEY (id);


--
-- Name: employees employees_email_key; Type: CONSTRAINT; Schema: public; Owner: postgres
--

ALTER TABLE ONLY public.employees
    ADD CONSTRAINT employees_email_key UNIQUE (email);


--
-- Name: employees employees_employee_id_key; Type: CONSTRAINT; Schema: public; Owner: postgres
--

ALTER TABLE ONLY public.employees
    ADD CONSTRAINT employees_employee_id_key UNIQUE (employee_id);


--
-- Name: employees employees_pkey; Type: CONSTRAINT; Schema: public; Owner: postgres
--

ALTER TABLE ONLY public.employees
    ADD CONSTRAINT employees_pkey PRIMARY KEY (id);


--
-- Name: employees employees_username_key; Type: CONSTRAINT; Schema: public; Owner: postgres
--

ALTER TABLE ONLY public.employees
    ADD CONSTRAINT employees_username_key UNIQUE (username);


--
-- Name: exit_processes exit_processes_pkey; Type: CONSTRAINT; Schema: public; Owner: postgres
--

ALTER TABLE ONLY public.exit_processes
    ADD CONSTRAINT exit_processes_pkey PRIMARY KEY (id);


--
-- Name: job_requisitions job_requisitions_pkey; Type: CONSTRAINT; Schema: public; Owner: postgres
--

ALTER TABLE ONLY public.job_requisitions
    ADD CONSTRAINT job_requisitions_pkey PRIMARY KEY (id);


--
-- Name: job_requisitions job_requisitions_requisition_code_key; Type: CONSTRAINT; Schema: public; Owner: postgres
--

ALTER TABLE ONLY public.job_requisitions
    ADD CONSTRAINT job_requisitions_requisition_code_key UNIQUE (requisition_code);


--
-- Name: job_skills job_skills_pkey; Type: CONSTRAINT; Schema: public; Owner: postgres
--

ALTER TABLE ONLY public.job_skills
    ADD CONSTRAINT job_skills_pkey PRIMARY KEY (job_id, skill);


--
-- Name: leave_requests leave_requests_pkey; Type: CONSTRAINT; Schema: public; Owner: postgres
--

ALTER TABLE ONLY public.leave_requests
    ADD CONSTRAINT leave_requests_pkey PRIMARY KEY (id);


--
-- Name: loan_applications loan_applications_pkey; Type: CONSTRAINT; Schema: public; Owner: postgres
--

ALTER TABLE ONLY public.loan_applications
    ADD CONSTRAINT loan_applications_pkey PRIMARY KEY (id);


--
-- Name: manpower_records manpower_records_pkey; Type: CONSTRAINT; Schema: public; Owner: postgres
--

ALTER TABLE ONLY public.manpower_records
    ADD CONSTRAINT manpower_records_pkey PRIMARY KEY (id);


--
-- Name: onboarding_tasks onboarding_tasks_pkey; Type: CONSTRAINT; Schema: public; Owner: postgres
--

ALTER TABLE ONLY public.onboarding_tasks
    ADD CONSTRAINT onboarding_tasks_pkey PRIMARY KEY (id);


--
-- Name: payrolls payrolls_pkey; Type: CONSTRAINT; Schema: public; Owner: postgres
--

ALTER TABLE ONLY public.payrolls
    ADD CONSTRAINT payrolls_pkey PRIMARY KEY (id);


--
-- Name: performance_reviews performance_reviews_pkey; Type: CONSTRAINT; Schema: public; Owner: postgres
--

ALTER TABLE ONLY public.performance_reviews
    ADD CONSTRAINT performance_reviews_pkey PRIMARY KEY (id);


--
-- Name: system_settings system_settings_pkey; Type: CONSTRAINT; Schema: public; Owner: postgres
--

ALTER TABLE ONLY public.system_settings
    ADD CONSTRAINT system_settings_pkey PRIMARY KEY (id);


--
-- Name: system_settings system_settings_setting_key_key; Type: CONSTRAINT; Schema: public; Owner: postgres
--

ALTER TABLE ONLY public.system_settings
    ADD CONSTRAINT system_settings_setting_key_key UNIQUE (setting_key);


--
-- Name: talent_pools talent_pools_pkey; Type: CONSTRAINT; Schema: public; Owner: postgres
--

ALTER TABLE ONLY public.talent_pools
    ADD CONSTRAINT talent_pools_pkey PRIMARY KEY (id);


--
-- Name: trainings trainings_pkey; Type: CONSTRAINT; Schema: public; Owner: postgres
--

ALTER TABLE ONLY public.trainings
    ADD CONSTRAINT trainings_pkey PRIMARY KEY (id);


--
-- Name: users users_email_key; Type: CONSTRAINT; Schema: public; Owner: postgres
--

ALTER TABLE ONLY public.users
    ADD CONSTRAINT users_email_key UNIQUE (email);


--
-- Name: users users_pkey; Type: CONSTRAINT; Schema: public; Owner: postgres
--

ALTER TABLE ONLY public.users
    ADD CONSTRAINT users_pkey PRIMARY KEY (username);


--
-- Name: applications applications_candidate_id_fkey; Type: FK CONSTRAINT; Schema: public; Owner: postgres
--

ALTER TABLE ONLY public.applications
    ADD CONSTRAINT applications_candidate_id_fkey FOREIGN KEY (candidate_id) REFERENCES public.candidates(id);


--
-- Name: applications applications_job_requisition_id_fkey; Type: FK CONSTRAINT; Schema: public; Owner: postgres
--

ALTER TABLE ONLY public.applications
    ADD CONSTRAINT applications_job_requisition_id_fkey FOREIGN KEY (job_requisition_id) REFERENCES public.job_requisitions(id);


--
-- Name: audit_logs audit_logs_performed_by_fkey; Type: FK CONSTRAINT; Schema: public; Owner: postgres
--

ALTER TABLE ONLY public.audit_logs
    ADD CONSTRAINT audit_logs_performed_by_fkey FOREIGN KEY (performed_by) REFERENCES public.users(username);


--
-- Name: candidate_recommendations candidate_recommendations_candidate_id_fkey; Type: FK CONSTRAINT; Schema: public; Owner: postgres
--

ALTER TABLE ONLY public.candidate_recommendations
    ADD CONSTRAINT candidate_recommendations_candidate_id_fkey FOREIGN KEY (candidate_id) REFERENCES public.candidates(id);


--
-- Name: candidate_recommendations candidate_recommendations_job_requisition_id_fkey; Type: FK CONSTRAINT; Schema: public; Owner: postgres
--

ALTER TABLE ONLY public.candidate_recommendations
    ADD CONSTRAINT candidate_recommendations_job_requisition_id_fkey FOREIGN KEY (job_requisition_id) REFERENCES public.job_requisitions(id);


--
-- Name: candidate_skills candidate_skills_candidate_id_fkey; Type: FK CONSTRAINT; Schema: public; Owner: postgres
--

ALTER TABLE ONLY public.candidate_skills
    ADD CONSTRAINT candidate_skills_candidate_id_fkey FOREIGN KEY (candidate_id) REFERENCES public.candidates(id) ON DELETE CASCADE;


--
-- Name: employees employees_username_fkey; Type: FK CONSTRAINT; Schema: public; Owner: postgres
--

ALTER TABLE ONLY public.employees
    ADD CONSTRAINT employees_username_fkey FOREIGN KEY (username) REFERENCES public.users(username);


--
-- Name: exit_processes exit_processes_employee_id_fkey; Type: FK CONSTRAINT; Schema: public; Owner: postgres
--

ALTER TABLE ONLY public.exit_processes
    ADD CONSTRAINT exit_processes_employee_id_fkey FOREIGN KEY (employee_id) REFERENCES public.employees(id);


--
-- Name: job_skills job_skills_job_id_fkey; Type: FK CONSTRAINT; Schema: public; Owner: postgres
--

ALTER TABLE ONLY public.job_skills
    ADD CONSTRAINT job_skills_job_id_fkey FOREIGN KEY (job_id) REFERENCES public.job_requisitions(id) ON DELETE CASCADE;


--
-- Name: leave_requests leave_requests_employee_id_fkey; Type: FK CONSTRAINT; Schema: public; Owner: postgres
--

ALTER TABLE ONLY public.leave_requests
    ADD CONSTRAINT leave_requests_employee_id_fkey FOREIGN KEY (employee_id) REFERENCES public.employees(id);


--
-- Name: loan_applications loan_applications_employee_id_fkey; Type: FK CONSTRAINT; Schema: public; Owner: postgres
--

ALTER TABLE ONLY public.loan_applications
    ADD CONSTRAINT loan_applications_employee_id_fkey FOREIGN KEY (employee_id) REFERENCES public.employees(id);


--
-- Name: manpower_records manpower_records_employee_id_fkey; Type: FK CONSTRAINT; Schema: public; Owner: postgres
--

ALTER TABLE ONLY public.manpower_records
    ADD CONSTRAINT manpower_records_employee_id_fkey FOREIGN KEY (employee_id) REFERENCES public.employees(id);


--
-- Name: onboarding_tasks onboarding_tasks_assigned_to_fkey; Type: FK CONSTRAINT; Schema: public; Owner: postgres
--

ALTER TABLE ONLY public.onboarding_tasks
    ADD CONSTRAINT onboarding_tasks_assigned_to_fkey FOREIGN KEY (assigned_to) REFERENCES public.users(username);


--
-- Name: onboarding_tasks onboarding_tasks_candidate_id_fkey; Type: FK CONSTRAINT; Schema: public; Owner: postgres
--

ALTER TABLE ONLY public.onboarding_tasks
    ADD CONSTRAINT onboarding_tasks_candidate_id_fkey FOREIGN KEY (candidate_id) REFERENCES public.candidates(id);


--
-- Name: payrolls payrolls_employee_id_fkey; Type: FK CONSTRAINT; Schema: public; Owner: postgres
--

ALTER TABLE ONLY public.payrolls
    ADD CONSTRAINT payrolls_employee_id_fkey FOREIGN KEY (employee_id) REFERENCES public.employees(id);


--
-- Name: performance_reviews performance_reviews_employee_id_fkey; Type: FK CONSTRAINT; Schema: public; Owner: postgres
--

ALTER TABLE ONLY public.performance_reviews
    ADD CONSTRAINT performance_reviews_employee_id_fkey FOREIGN KEY (employee_id) REFERENCES public.employees(id);


--
-- Name: talent_pools talent_pools_candidate_id_fkey; Type: FK CONSTRAINT; Schema: public; Owner: postgres
--

ALTER TABLE ONLY public.talent_pools
    ADD CONSTRAINT talent_pools_candidate_id_fkey FOREIGN KEY (candidate_id) REFERENCES public.candidates(id);


--
-- Name: trainings trainings_employee_id_fkey; Type: FK CONSTRAINT; Schema: public; Owner: postgres
--

ALTER TABLE ONLY public.trainings
    ADD CONSTRAINT trainings_employee_id_fkey FOREIGN KEY (employee_id) REFERENCES public.employees(id);


--
-- PostgreSQL database dump complete
--

